{
  "version": 1,
  "author": "Manoj kumar S",
  "editor": "wokwi",
  "parts": [
    { "type": "wokwi-esp32-devkit-v1", "id": "esp", "top": -25.97, "left": -385.01, "attrs": {} },
    {
      "type": "wokwi-led",
      "id": "led1",
      "top": -86.03,
      "left": -185.83,
      "attrs": { "color": "red" }
    },
    {
      "type": "wokwi-resistor",
      "id": "r1",
      "top": 19.34,
      "left": 97.7,
      "attrs": { "value": "1000" }
    },
    { "type": "wokwi-dht22", "id": "dht1", "top": -15.95, "left": 386.23, "attrs": {} },
    {
      "type": "wokwi-led",
      "id": "led2",
      "top": -80.71,
      "left": 164.17,
      "attrs": { "color": "cyan" }
    },
    {
      "type": "wokwi-led",
      "id": "led3",
      "top": -81.37,
      "left": 124.8,
      "attrs": { "color": "limegreen" }
    },
    {
      "type": "wokwi-led",
      "id": "led4",
      "top": -80.28,
      "left": 91.3,
      "attrs": { "color": "magenta" }
    },
    {
      "type": "wokwi-led",
      "id": "led5",
      "top": -81.61,
      "left": 52.21,
      "attrs": { "color": "purple" }
    },
    {
      "type": "wokwi-led",
      "id": "led6",
      "top": -82.53,
      "left": 13.5,
      "attrs": { "color": "white" }
    },
    {
      "type": "wokwi-led",
      "id": "led7",
      "top": -82.04,
      "left": -27.83,
      "attrs": { "color": "orange" }
    },
    {
      "type": "wokwi-led",
      "id": "led8",
      "top": -83.65,
      "left": -70.5,
      "attrs": { "color": "yellow" }
    },
    {
      "type": "wokwi-led",
      "id": "led9",
      "top": -84.43,
      "left": -109.16,
      "attrs": { "color": "blue" }
    },
    {
      "type": "wokwi-led",
      "id": "led10",
      "top": -85.37,
      "left": -149.16,
      "attrs": { "color": "green" }
    },
    {
      "type": "wokwi-resistor",
      "id": "r2",
      "top": 20.06,
      "left": -154.1,
      "attrs": { "value": "1000" }
    },
    {
      "type": "wokwi-resistor",
      "id": "r3",
      "top": 18.38,
      "left": -27.91,
      "attrs": { "value": "1000" }
    },
    {
      "type": "wokwi-led",
      "id": "led11",
      "top": 48.5,
      "left": -171.61,
      "attrs": { "color": "magenta" }
    },
    {
      "type": "wokwi-led",
      "id": "led12",
      "top": 48.12,
      "left": -53.15,
      "attrs": { "color": "orange" }
    },
    {
      "type": "wokwi-led",
      "id": "led13",
      "top": 45.29,
      "left": -97.27,
      "attrs": { "color": "white" }
    },
    {
      "type": "wokwi-led",
      "id": "led14",
      "top": 46,
      "left": -134.36,
      "attrs": { "color": "purple" }
    },
    {
      "type": "wokwi-led",
      "id": "led15",
      "top": 50.24,
      "left": 108.02,
      "attrs": { "color": "red" }
    },
    {
      "type": "wokwi-led",
      "id": "led16",
      "top": 50.39,
      "left": 71.97,
      "attrs": { "color": "green" }
    },
    {
      "type": "wokwi-led",
      "id": "led17",
      "top": 49.81,
      "left": 35.42,
      "attrs": { "color": "blue" }
    },
    {
      "type": "wokwi-led",
      "id": "led18",
      "top": 48.79,
      "left": -4.71,
      "attrs": { "color": "yellow" }
    },
    {
      "type": "wokwi-led",
      "id": "led19",
      "top": 46.47,
      "left": -206.07,
      "attrs": { "color": "limegreen" }
    },
    {
      "type": "wokwi-led",
      "id": "led20",
      "top": -82.73,
      "left": -225.9,
      "attrs": { "color": "cyan" }
    },
    {
      "type": "wokwi-resistor",
      "id": "r4",
      "top": 260.81,
      "left": -153.61,
      "attrs": { "value": "1000" }
    },
    {
      "type": "wokwi-resistor",
      "id": "r5",
      "top": 260.82,
      "left": -20.62,
      "attrs": { "value": "1000" }
    },
    {
      "type": "wokwi-resistor",
      "id": "r6",
      "top": 260.81,
      "left": 109.61,
      "attrs": { "value": "1000" }
    }
  ],
  "connections": [
    [ "esp:TX0", "$serialMonitor:RX", "", [] ],
    [ "esp:RX0", "$serialMonitor:TX", "", [] ],
    [ "led1:C", "esp:GND.1", "black", [ "v0" ] ],
    [ "led10:C", "esp:GND.1", "black", [ "v0" ] ],
    [ "led9:C", "esp:GND.1", "black", [ "v0" ] ],
    [ "led8:C", "esp:GND.1", "black", [ "v0" ] ],
    [ "led7:C", "esp:GND.1", "black", [ "v0" ] ],
    [ "led6:C", "esp:GND.1", "black", [ "v0" ] ],
    [ "led5:C", "esp:GND.1", "black", [ "v0" ] ],
    [ "led4:C", "esp:GND.1", "black", [ "v0" ] ],
    [ "led3:C", "esp:GND.1", "black", [ "v0" ] ],
    [ "led2:C", "esp:GND.1", "black", [ "v0" ] ],
    [ "led1:A", "r2:1", "green", [ "v0" ] ],
    [ "led10:A", "r2:1", "green", [ "v0" ] ],
    [ "led9:A", "r3:1", "green", [ "v0" ] ],
    [ "led8:A", "r3:1", "green", [ "v0" ] ],
    [ "led7:A", "r3:1", "green", [ "v0" ] ],
    [ "led6:A", "r1:1", "green", [ "v0" ] ],
    [ "led5:A", "r1:1", "green", [ "v0" ] ],
    [ "led4:A", "r1:1", "green", [ "v0" ] ],
    [ "led3:A", "r1:1", "green", [ "v0" ] ],
    [ "led2:A", "r1:1", "green", [ "v0" ] ],
    [ "r2:2", "esp:D2", "green", [ "v0" ] ],
    [ "r3:2", "esp:D2", "green", [ "v0" ] ],
    [ "r1:2", "esp:D2", "green", [ "v0" ] ],
    [ "dht1:VCC", "esp:3V3", "red", [ "v0" ] ],
    [ "dht1:SDA", "esp:D15", "green", [ "v0" ] ],
    [ "dht1:GND", "esp:GND.1", "black", [ "v0" ] ],
    [ "led20:C", "esp:GND.1", "black", [ "v0" ] ],
    [ "led19:C", "esp:GND.1", "black", [ "v0" ] ],
    [ "led11:C", "esp:GND.1", "black", [ "v0" ] ],
    [ "led14:C", "esp:GND.1", "black", [ "v0" ] ],
    [ "led13:C", "esp:GND.1", "black", [ "v0" ] ],
    [ "led12:C", "esp:GND.1", "black", [ "v0" ] ],
    [ "led18:C", "esp:GND.1", "black", [ "v0" ] ],
    [ "led17:C", "esp:GND.1", "black", [ "v0" ] ],
    [ "led16:C", "esp:GND.1", "black", [ "v0" ] ],
    [ "led15:C", "esp:GND.1", "black", [ "v0" ] ],
    [ "led20:A", "r4:1", "green", [ "v0" ] ],
    [ "led19:A", "r4:1", "green", [ "v0" ] ],
    [ "led11:A", "r4:1", "green", [ "v0" ] ],
    [ "led14:A", "r4:1", "green", [ "v0" ] ],
    [ "led13:A", "r5:1", "green", [ "v0" ] ],
    [ "led12:A", "r5:1", "green", [ "v0" ] ],
    [ "led18:A", "r5:1", "green", [ "v0" ] ],
    [ "led17:A", "r6:1", "green", [ "v0" ] ],
    [ "led16:A", "r6:1", "green", [ "v0" ] ],
    [ "led15:A", "r6:1", "green", [ "v0" ] ],
    [ "r4:2", "esp:D2", "green", [ "v0" ] ],
    [ "r5:2", "esp:D2", "green", [ "v0" ] ],
    [ "r6:2", "esp:D2", "green", [ "v0" ] ]
  ]
}