{
  "version": 1,
  "author": "Manoj kumar S",
  "editor": "wokwi",
  "parts": [
    { "type": "wokwi-esp32-devkit-v1", "id": "esp", "top": -25.97, "left": -385.01, "attrs": {} },
    {
      "type": "wokwi-led",
      "id": "led1",
      "top": -119.27,
      "left": -186.7,
      "attrs": { "color": "red" }
    },
    {
      "type": "wokwi-resistor",
      "id": "r1",
      "top": 19.34,
      "left": 97.7,
      "attrs": { "value": "1000" }
    },
    { "type": "wokwi-dht22", "id": "dht1", "top": -18.33, "left": 234.14, "attrs": {} },
    {
      "type": "wokwi-led",
      "id": "led2",
      "top": -156.85,
      "left": 156.32,
      "attrs": { "color": "cyan" }
    },
    {
      "type": "wokwi-led",
      "id": "led3",
      "top": -118.1,
      "left": 123.93,
      "attrs": { "color": "limegreen" }
    },
    {
      "type": "wokwi-led",
      "id": "led4",
      "top": -84.65,
      "left": 91.3,
      "attrs": { "color": "magenta" }
    },
    {
      "type": "wokwi-led",
      "id": "led5",
      "top": -120.09,
      "left": 45.21,
      "attrs": { "color": "purple" }
    },
    {
      "type": "wokwi-led",
      "id": "led6",
      "top": -82.53,
      "left": 13.5,
      "attrs": { "color": "white" }
    },
    {
      "type": "wokwi-led",
      "id": "led7",
      "top": -114.4,
      "left": -31.33,
      "attrs": { "color": "orange" }
    },
    {
      "type": "wokwi-led",
      "id": "led8",
      "top": -83.65,
      "left": -70.5,
      "attrs": { "color": "yellow" }
    },
    {
      "type": "wokwi-led",
      "id": "led9",
      "top": -115.92,
      "left": -109.16,
      "attrs": { "color": "blue" }
    },
    {
      "type": "wokwi-led",
      "id": "led10",
      "top": -85.37,
      "left": -149.16,
      "attrs": { "color": "green" }
    },
    {
      "type": "wokwi-resistor",
      "id": "r2",
      "top": 20.06,
      "left": -154.1,
      "attrs": { "value": "1000" }
    },
    {
      "type": "wokwi-resistor",
      "id": "r3",
      "top": 18.38,
      "left": -27.91,
      "attrs": { "value": "1000" }
    },
    {
      "type": "wokwi-led",
      "id": "led20",
      "top": -151.83,
      "left": -229.4,
      "attrs": { "color": "cyan" }
    }
  ],
  "connections": [
    [ "esp:TX0", "$serialMonitor:RX", "", [] ],
    [ "esp:RX0", "$serialMonitor:TX", "", [] ],
    [ "led1:C", "esp:GND.1", "black", [ "v0" ] ],
    [ "led10:C", "esp:GND.1", "black", [ "v0" ] ],
    [ "led9:C", "esp:GND.1", "black", [ "v0" ] ],
    [ "led8:C", "esp:GND.1", "black", [ "v0" ] ],
    [ "led7:C", "esp:GND.1", "black", [ "v0" ] ],
    [ "led6:C", "esp:GND.1", "black", [ "v0" ] ],
    [ "led5:C", "esp:GND.1", "black", [ "v0" ] ],
    [ "led4:C", "esp:GND.1", "black", [ "v0" ] ],
    [ "led3:C", "esp:GND.1", "black", [ "v0" ] ],
    [ "led2:C", "esp:GND.1", "black", [ "v0" ] ],
    [ "led1:A", "r2:1", "green", [ "v0" ] ],
    [ "led10:A", "r2:1", "green", [ "v0" ] ],
    [ "led9:A", "r3:1", "green", [ "v0" ] ],
    [ "led8:A", "r3:1", "green", [ "v0" ] ],
    [ "led7:A", "r3:1", "green", [ "v0" ] ],
    [ "led6:A", "r1:1", "green", [ "v0" ] ],
    [ "led5:A", "r1:1", "green", [ "v0" ] ],
    [ "led4:A", "r1:1", "green", [ "v0" ] ],
    [ "led3:A", "r1:1", "green", [ "v0" ] ],
    [ "led2:A", "r1:1", "green", [ "v0" ] ],
    [ "r2:2", "esp:D2", "green", [ "v0" ] ],
    [ "r3:2", "esp:D2", "green", [ "v0" ] ],
    [ "r1:2", "esp:D2", "green", [ "v0" ] ],
    [ "dht1:VCC", "esp:3V3", "red", [ "v0" ] ],
    [ "dht1:SDA", "esp:D15", "green", [ "v0" ] ],
    [ "dht1:GND", "esp:GND.1", "black", [ "v0" ] ],
    [ "led20:C", "esp:GND.1", "black", [ "v0" ] ],
    [ "led20:A", "r2:1", "green", [ "v0" ] ]
  ]
}